INSERT INTO users (id, name, age) VALUES
    (1, "Peter", 16),
    (2, "Eric", 26),
    (3, "Ali", 18),
    (4, "Belle", 16),
    (5, "Ariel", 14),
    (6, "Cinderella", 19),
    (7, "Rapunzel", 15),
    (8, "Snow White", 13),
    (9, "Eugene", 26),
    (10, "Triton", 200),
    (11, "Ursula", 210),
    (12, "Simba", 10),
    (13, "Nala", 11),
    (14, "Anna", 17),
    (15, "Elsa", 18),
    (16, "Olaf", 50),
    (17, "Tiana", 21),
    (18, "Naveen", 25),
    (19, "Wendy", 15),
    (20, "Captain Hook", 34);


INSERT INTO projects (title, category, funding_goal, start_date, end_date) VALUES
    ("P1", "environment", 1000, 01012021, 03012021),
    ("P2", "animal conservation", 1000, 01012021, 03012021),
    ("P3", "environment", 100, 01012021, 03012021),
    ("P4", "schools", 1000, 01012021, 03012021),
    ("P5", "environment", 10000, 01012021, 03012021),
    ("P6", "marine life", 1000, 01302021, 03012021),
    ("P7", "environment", 1000, 01012021, 03012021),
    ("P8", "scholarship", 1000, 01012021, 03012021),
    ("P9", "environment", 31000, 01012021, 03012021),
    ("P10", "public park", 1000, 01012021, 03012021);


INSERT INTO pledges (id, amount, user_id, project_id) VALUES
(1, 10.00, 1, 2),
(2, 20.00, 1, 3),
(3, 40.00, 1, 4),
(4, 50.00, 2, 3),
(5, 10.00, 3, 2),
(6, 20.00, 4, 4),
(7, 40.00, 5, 10),
(8, 60.00, 6, 10),
(9, 50.00, 7, 9),
(10, 700.00, 8, 8),
(11, 1000.00, 8, 7),
(12, 40.00, 9, 6),
(13, 50.00, 9, 3),
(14, 50.00, 10, 4),
(15, 24.00, 12, 1),
(16, 34.00, 11, 1),
(17, 12.00, 13, 6),
(18, 19.00, 14, 5),
(19, 20.00, 15, 5),
(20, 40.00, 16, 6),
(21, 35.50, 17, 7),
(22, 40.00, 18, 8),
(23, 60.00, 19, 9),
(24, 70.00, 20, 10),
(25, 100.00, 20, 4),
(26, 40.00, 19, 1),
(27, 20.00, 18, 6),
(28, 90.00, 17, 9),
(29, 230.00, 16, 6),
(30, 450.00, 15, 5);